category,text
sports,"Phelps, Thorpe Advance in 200 Freestyle (AP) AP - Michael Phelps took care of qualifying for the Olympic 200-meter freestyle semifinals Sunday, and then found out he had been added to the American team for the evening's 400 freestyle relay final. Phelps' rivals Ian Thorpe and Pieter van den Hoogenband and teammate Klete Keller were faster than the teenager in the 200 free preliminaries."
sports,"Reds Knock Padres Out of Wild-Card Lead (AP) AP - Wily Mo Pena homered twice and drove in four runs, helping the Cincinnati Reds beat the San Diego Padres 11-5 on Saturday night. San Diego was knocked out of a share of the NL wild-card lead with the loss and Chicago's victory over Los Angeles earlier in the day."
sports,"Dreaming done, NBA stars awaken to harsh Olympic reality (AFP) AFP - National Basketball Association players trying to win a fourth consecutive Olympic gold medal for the United States have gotten the wake-up call that the ""Dream Team"" days are done even if supporters have not."
sports,"Indians Beat Twins 7-1, Nearing AL Lead (AP) AP - The Cleveland Indians pulled within one game of the AL Central lead, scoring four runs in the first inning and beating the Minnesota Twins 7-1 Saturday night behind home runs by Travis Hafner and Victor Martinez."
sports,"Galaxy, Crew Play to 0-0 Tie (AP) AP - Kevin Hartman made seven saves for Los Angeles, and Jon Busch had two saves for Columbus as the Galaxy and Crew played to a 0-0 tie Saturday night."
sports,"USC Begins Season Where It Ended, at No. 1 (AP) AP - Southern California will begin defense of its first national title in 31 years as the No. 1 team in the nation. The Trojans earned the top spot in the preseason Associated Press poll released Saturday by receiving 48 of 65 first-place votes and 1,603 points."
sports,"Italy's Pennetta Wins Idea Prokom Open (AP) AP - Italy's Flavia Pennetta won the Idea Prokom Open for her first WTA Tour title, beating Klara Koukalova of the Czech Republic 7-5, 3-6, 6-3 Saturday after French Open champion Anastasia Myskina withdrew before the semifinals because of a rib injury."
sports,"Tough Race Ahead for Swimmer Phelps  ATHENS (Reuters) - Michael Phelps, his first gold medal  safely gathered in, eased through the next phase of his  monumental Olympic challenge in the heats of the 200 meters  freestyle Sunday but the immensity of the task ahead was clear."
sports,Iranian Will Not Meet Israeli in Olympics Due to Weight  ATHENS (Reuters) - A diplomatic wrangle of Olympic  proportions was avoided Sunday when Iranian world judo champion  Arash Miresmaeili failed to make the weight for his clash with  an Israeli opponent.
sports,"Tiger Runs Out of Steam After Storming Start  KOHLER, Wisconsin (Reuters) - Tiger Woods failed to make  the most of a red-hot start in the U.S. PGA Championship third  round on Saturday, having to settle for a three-under-par 69."
sports,"Colander Misses Chance to Emulate Jones  ATHENS (Reuters) - But for a decision that enraged her  coach, LaTasha Colander might have been the Marion Jones of the  Athens Olympics."
sports,AL Wrap: Olerud Cheers Yankees by Sinking Ex-Team  NEW YORK (Reuters) - John Olerud sunk his former team by  recording a two-run single in the eighth inning to drive in the  go-ahead runs which earned the New York Yankees a 6-4 win over  the host Seattle Mariners in the American League Saturday.   
sports,NL Wrap: Jones Homers Twice as Braves Down Cards  NEW YORK (Reuters) - Chipper Jones cracked two homers and  Julio Franco's two-run double in the seventh inning drove in  the winning runs as the streaking Atlanta Braves downed the St.  Louis Cardinals 9-7 in the National League Saturday.
sports,"Olympics-Doping-Greek Media Put Country's Honor Above Athletes  ATHENS (Reuters) - The honor of Greece lies above  individual athletes and no backstage antics should compromise  it, Greek media said Sunday, after the country's top athletes  were suspended from the team under a cloud of doping suspicion."
sports,"Olympics-Rowing-U.S. Eight Beats Canada to Set World Best Time  ATHENS (Reuters) - The United States beat Canada in a world  best time to qualify for the final of the men's Olympic eights  race Sunday, as the two crews renewed their fierce rivalry in  front of a raucous crowd at Schinias."
sports,"Singh Leads, but Leonard Is Following Avoiding the late trouble that knocked other contenders off track, Vijay Singh held a one-stroke lead over Justin Leonard heading into the final round of the P.G.A. Championship."
sports,Olerud Bails Out Loaiza in His Latest Bungled Audition John Olerud reveled in his return to Safeco Field by slapping a two-run single that lifted the Yankees and saved Esteban Loaiza from a defeat.
sports,Family circle Family Day in the Fens means fun and games to most folks. Players toddle around the bases with wide-eyed kids. Mothers beam. Children smile. All is bliss on the sun-splashed emerald lawn.
sports,"Notables The Yankees' Alex Rodriguez , who missed Friday night's game with the flu and stayed back at the team hotel yesterday, dropped his appeal of a four-game suspension issued for his involvement in the July 24 brawl at Boston and began serving the penalty. He won't be eligible to play until Thursday at Minnesota."
sports,"Cubs get delivery from Wood Kerry Wood homered and allowed four hits in eight innings, leading the Chicago Cubs over the visiting Los Angeles Dodgers, 2-0, yesterday."
sports,"Leskanic winning arms race With Scott Williamson bracing for a potentially grim diagnosis of his latest elbow injury, the Red Sox last night appeared poised to move on without him as Curtis Leskanic inched closer to rejoining the club. The Sox initially indicated they would make an announcement last night on Williamson's injury but changed their position during the first inning of the game ..."
sports,"Rehabbing his career Player introductions at the final Citizens Bank Summer Caravan stop produced an awkward moment. Walter McCarty and Raef LaFrentz were the featured guests for the free basketball clinic at the Cambridge Family YMCA late last week. McCarty's presence yielded chants of  quot;Walter, Walter quot; from the crowd of 125 kids. LaFrentz left the young fans wondering,  quot;Who is he? quot; The projected ..."
sports,"Warmer and wilder HAVEN, Wis. -- Perched high on the bluffs overlooking Lake Michigan, Whistling Straits is a massive, windswept landscape, as large a golf course as \$40 million can buy. It is complete with sand dunes that could double as ski slopes and deep bunkers that should require elevators."
sports,"Greek runners are suspended ATHENS -- Star sprinters Kostas Kenteris and Katerina Thanou were suspended yesterday from the Greek Olympic team for missing drug tests, but their fate was left in the hands of the International Olympic Committee."
sports,"Throwbacks: Gannon, Collins in good form Rich Gannon , the 2002 NFL MVP who was knocked out of the Raiders' loss to Kansas City last Oct. 20 and had shoulder surgery in November, was 9 for 15 for 69 yards in visiting Oakland's 33-30 exhibition win over the San Francisco 49ers last night."
sports,"Enough to make you flip Friday night came as close to an old-time local battle for viewers among Channels 4, 5, and 7 as we're likely to see. It was a throwback to pre-cable, pre-dish, and even pre-UHF days as the three local  quot;originals quot; served up a special night of sports programming. Although Red Sox-White Sox was on Channel 4's  quot;sister quot; station, Channel 38, it ..."
sports,"For Revolution, this tie looks good WASHINGTON -- Rookie Andy Dorman didn't even have time to get his white, long-sleeved jersey smudged on the sloppy RFK Stadium field last night before salvaging a 2-2 tie for the Revolution against D.C. United. Fifty-five seconds after entering the game as a late substitute, Dorman buried a low shot from inside the penalty area and extended his team's unbeaten ..."
sports,"Sing Me Back Home matches track mark OCEANPORT, N.J. -- Sing Me Back Home pulled away in the stretch to win the \$60,000 Decathalon Handicap at Monmouth Park yesterday, equaling the track record for 5 furlongs."
sports,"Haas in fine form HAVEN, Wis. -- If he were acting his age, Jay Haas would have had the weekend off, resting on his laurels and reaping the benefits of the nice-and-easy Champions Tour."
sports,USC starts at the top Southern California greeted news of its first preseason No. 1 ranking since 1979 with ambivalence.
sports,"'Gardening' costs Appleby -- in spades HAVEN, Wis. -- For 18 holes, Stuart Appleby played flawless golf in yesterday's third round, four birdies and 14 pars. It wasn't until he was done playing that he discovered that it wasn't as good a day as he had thought, that he had made a quadruple bogey."
sports,"Hungarian GP, Qualifying Fifth and ninth for Fernando and Jarno following qualifying for tomorrow's Hungarian Grand Prix."
sports,"Budapest, Free Practice 3 and 4: A tight battle in store The teams have just finished their final preparations for the race and qualifying, in much lower temperatures than yesterday."
sports,Overtaking at Budapest? Its possible The Renault F1 Team drivers explain how you can make up positions at the Hungarian circuit.
sports,"Budapest, Day 1: everythings on track The Renault F1 Team ran through its programme without worrying about the timesheets or its rivals. The focus has been on Sundays race, not Fridays glory."
sports,"Hungarian GP, Friday Round-Up Fernando tenth and Jarno seventeenth but no cause for concern, while Pat Symonds explains the challenges of Fridays at the race."
sports,Redskins Get the Boot A fourth-quarter lead proves fleeting for the Redskins as John Kasay hits a 52-yard field goal Saturday to give the Panthers a 23-20 overtime win.
sports,Trojans Open Up No. 1 Defending national champion USC begins the 2004 season right where it left off the year before - as the top ranked team in the AP Top 25 poll.
sports,Offense Needs Work There were few offensive highlights during Virginia Tech's first scrimmage of fall practice on Saturday.
sports,"Huey Exits Early Treat Huey, the two-time All-Met Player of the year, suffered a 6-2, 6-0 loss to 29-year-old journeyman Mashiska Washington, the younger brother of former pro and 1996 Wimbledon finalist Malivai."
sports,"True Sensation Wins A Wet One at Pimlico BALTIMORE, Aug. 14 -- Even before Hurricane Charley ranged up the East Coast and began to drop its drizzle on Pimlico Race Course, the \$75,000 All Brandy Stakes for Maryland-bred fillies and mares had been taken off the track's beat-up turf course."
sports,"Lynx Infielder Fontenot Has 'Pretty Good Pop for His Size' At 5 feet 8, 160 pounds, second baseman Mike Fontenot looks more like the Class AAA Ottawa Lynx's batboy than one of the Baltimore Orioles' top prospects."
sports,"Australia, U.S. Set Record The U.S. women's and men's eights team both set world bests in the Olympic rowing competition Sunday along with Australian pair Sally Newmarch and Amber Halliday."
sports,"Phelps On Relay Team Michael Phelps is named to the 4x100-meter freestyle relay team that will compete in Sunday's final, keeping alive his quest for a possible eight Olympic gold medals."
sports,"Kobe Bryant Due Back in Court Monday (AP) AP - With Kobe Bryant's sexual assault trial scheduled to begin in less than two weeks, speculation is mounting that prosecutors are looking for a way to dismiss the charge after a series of setbacks."
sports,Rangers Designate Bacsik for Assignment (AP) AP - Pitcher Mike Bacsik was designated for assignment by the Texas Rangers on Sunday after going 1-1 with a 4.60 ERA in three starts.
sports,"Arsenal Beats Everton to Extend Streak (AP) AP - Arsenal opened its defense of its English title with a 4-1 win at Everton on Sunday, making it 41 straight games without a loss in the Premier League."
sports,"Nadal Wins in Poland for First ATP Title (AP) AP - Spain's Rafael Nadal won his first ATP singles title Sunday, beating Argentina's Jose Acasuso 6-3, 6-4 in the final at the Idea Prokom Open."
sports,"Zahringer Leads Field at U.S. Amateur (AP) AP - George Zahringer III is back for another shot at the U.S. Amateur. The New Yorker is one of three returning quarterfinalists for the tournament, which begins Monday at the Winged Foot Golf Club. Lee Williams of Alexander City, Ala., and Patrick Carter of Lesage, W.Va., complete the trio from last year's championship that was won by Nick Flanagan of Australia."
sports,Pau Edges Yao in Clash of the Giants  ATHENS (Reuters) - Spain's Pau Gasol got the better of  China's Yao Ming in Olympic basketball's own clash of the  giants Sunday.
sports,"Hamilton Sets Early Pace as Woods Struggles  KOHLER, Wis. (Reuters) - British Open champion Todd  Hamilton made the first significant move in the U.S. PGA  Championship final round Sunday as overnight pacesetter Vijay  Singh prepared for an afternoon tee-off."
sports,"Iran Defies Olympic Spirit by Shunning Israel  ATHENS (Reuters) - Iran's world judo champion Arash  Miresmaeili refused to compete against an Israeli Sunday,  triggering a fresh crisis at the Olympic Games where race,  creed or color are barred from interfering in sport."
sports,U.S. Softball Team Puts Australia in Its Place  ATHENS (Reuters) - The United States kept itself firmly on  course for a third straight Olympic softball gold medal when it  thrashed Australia 10-0 Sunday.
sports,Schumacher Triumphs as Ferrari Clinches Title  BUDAPEST (Reuters) - Michael Schumacher cruised to a record  12th win of the season in the Hungarian Grand Prix on Sunday to  hand his Ferrari team a sixth successive constructors' title.
sports,"US NBA players become the Nightmare Team after epic loss (AFP) AFP - Call them the ""Nightmare Team""."
sports,"Report: Roenick Paid for Betting Tips (AP) AP - Flyers star Jeremy Roenick paid more than  #36;100,000 to a Florida firm that made millions selling betting tips to gamblers, law enforcement officials told The Philadelphia Inquirer."
sports,U.S. Basketball Team Loses to Puerto Rico  ATHENS (Reuters) - The United States lost their first  basketball match at the Olympics since 1988 on Sunday when  Puerto Rico gave them a shock 92-73 trouncing.
sports,South Africa Ends Phelps Medal Quest  ATHENS (Reuters) - South Africa ruined Michael Phelps's  dream of winning a record eight gold medals at the Athens  Olympics with a stunning victory in the men's 4x100 meters  freestyle final on Sunday.
sports,"Iran Snub to Israel Challenges IOC  ATHENS (Reuters) - Iran defied the Olympic spirit on Sunday  by refusing to contest a judo bout with an Israeli at the  Athens Games, making no effort to hide the fact it was putting  solidarity with the Palestinians before gold medals."
sports,Romanian Gymnasts Edge Ahead of U.S. Women  ATHENS (Reuters) - Daniela Sofronie displayed all her  athleticism to edge Romania ahead of the United States in the  Olympic women's gymnastics team qualifying Sunday.
sports,"Roenick Paid for Betting Tips Flyers center Jeremy Roenick paid more than \$100,000 to a Florida firm that made millions selling betting tips to gamblers, law enforcement officials told The Philadelphia Inquirer."
sports,"Roddick, Venus, Navratilova Win Openers (AP) AP - Bothered more by the wind and her wrist wrap than her opponent, defending gold medalist Venus Williams overpowered Melinda Czink of Hungary 6-1, 6-2 in the opening match of the Athens Games' tennis tournament. Andy Roddick made his Olympic debut with a 6-3, 7-6 (4) victory over Flavio Saretta of Brazil, swatting 12 aces and 16 service winners."
sports,American Duo Wins Opening Beach Volleyball Match  ATHENS (Reuters) - American Misty May gave team mate Kerri  Walsh an ideal 26th birthday present with an easy victory over  Japan in their opening match of the Olympics beach volleyball  tournament on Sunday.
sports,"Puerto Rico Upsets United States Men The United States men's basketball team lost to Puerto Rico, 92-73. The loss could put the American gold medal hopes in jeopardy."
sports,Schumacher Triumphs as Ferrari Seals Formula One Title  BUDAPEST (Reuters) - Michael Schumacher cruised to a record  12th win of the season in the Hungarian Grand Prix on Sunday to  hand his Ferrari team a sixth successive constructors' title.
sports,"Nicholls State Fires Football Coach (AP) AP - Nicholls State football coach Daryl Daye was fired Sunday over accusations of academic fraud involving players and an assistant coach. Daye was not implicated in the alleged fraud, but an investigation found he failed to ""maintain proper controls"" of the assistant, the Southland Conference school said."
sports,Iraq Reaches Olympic Soccer Quarterfinals  ATHENS (Reuters) - Iraq's fairytale Olympic run continued  on Sunday when they beat Costa Rica 2-0 to reach the  quarter-finals of the Athens Games.
sports,No Gold for Phelps as Relay Team Falters South Africa won the gold medal Sunday in the men's 400-meter freestyle relay with a world-record time of 3 minutes 13.17 seconds.
sports,"O's Beat Blue Jays With Eight-Run Eighth (AP) AP - David Newhan tied a career high with four hits, including a go-ahead double in Baltimore's eight-run eighth inning, and the Orioles rallied for an 11-7 victory over the Toronto Blue Jays on Sunday."
sports,Giants Top Phillies 3-1 to Finish Sweep (AP) AP - Brett Tomko allowed one run in six innings for his first win in nearly a month and helped San Francisco complete a three-game sweep of the Philadelphia Phillies with a 3-1 victory Sunday.
sports,South Africa Ends Phelps' Gold Medal Quest  ATHENS (Reuters) - South Africa ruined Michael Phelps's  dream of winning a record eight gold medals in a dramatic and  controversial day of swimming at the Athens Olympics on Sunday.
sports,"Johnson Helps D - Backs End Nine - Game Slide NEW YORK (AP) -- Randy Johnson took a four-hitter into the ninth inning to help the Arizona Diamondbacks end a nine-game losing streak Sunday, beating Steve Trachsel and the New York Mets 2-0."
sports,Perry Out for Season Eagles running back Bruce Perry will miss his rookie season after dislocating a shoulder in an exhibition game against the New England Patriots.
sports,"Leonard Forges Two Clear with Nine to Play at PGA  KOHLER, Wisconsin (Reuters) - American Justin Leonard  stayed on track for his second major title in the U.S. PGA  Championship final round on Sunday, moving two shots clear with  nine holes to play."
sports,49ers' Beasley Could Miss Several Weeks (AP) AP - Fullback Fred Beasley could be sidelined until the 49ers' season opener Sept. 12 against the Atlanta Falcons with a high left ankle sprain.
sports,"Dodgers Rally in 8th to Defeat Cubs 8-5 (AP) AP - Adrian Beltre and Shawn Green homered, and Steve Finley hit a go-ahead RBI single in the eighth inning as the Los Angeles Dodgers rallied for an 8-5 victory over the Chicago Cubs on Sunday."
sports,"Teen Is First Black National USTA Champion (AP) AP - Scoville Jenkins, a 17-year-old from Atlanta, became the first black to win the 18s singles championship of the U.S. Tennis Association Boys Nationals."
sports,"Marlins Beat Brewers 5-3 in 10 Innings (AP) AP - Luis Castillo tied the score with a ninth-inning single, and pinch-hitter Damion Easley hit a two-run double in the 10th inning that led the Florida Marlins over the Milwaukee Brewers 5-3 Sunday."
sports,NL Wrap: Johnson Fans 14 Mets as Arizona Snaps Slide (Reuters) Reuters - Randy Johnson struck out 14 batters in\8 1/3 innings to help the Arizona Diamondbacks end a nine-game\losing streak with a 2-0 win over the New York Mets on Sunday.
sports,NL Wrap: Johnson Fans 14 Mets as Arizona Snaps Slide  NEW YORK (Reuters) - Randy Johnson struck out 14 batters in  8 1/3 innings to help the Arizona Diamondbacks end a nine-game  losing streak with a 2-0 win over the New York Mets on Sunday.
sports,AL Wrap: Koskie Slugs Homer in 10th as Twins Edge Indians  NEW YORK (Reuters) - Corey Koskie clubbed a two-run homer  in the top of the 10th inning to help the Minnesota Twins hold  on to first place in the American League Central with a 4-2  road win over the Cleveland Indians.
sports,"Whistling Straits Proves It's Major League Whistling Straits has received magnificent reviews during the P.G.A. Championship, which is currently in a three-man playoff between Justin Leonard, Vijay Singh and Chris DiMarco."
sports,"Puerto Rico Stuns U.S. in Opening Round Puerto Rico upsets the United States, 92-73, at the men's basketball preliminaries on Sunday, the first loss at the Games for the three-time defending gold medalists since 1988."
sports,"Monday Morning The regular Monday Morning contributors will return to this page next week, as will the weekly poll."
sports,"Homer Sinks Indians Corey Koskie hit a two-run homer in the 10th inning as the Twins overcame a two-run deficit for a 4-2 win Sunday, giving them a two-game lead over the second-place Indians."
sports,"Despite Setbacks, Stahl Maintains Healthy Dose of Optimism At 23, pitcher Richard Stahl knows there's still time to impress the Baltimore Orioles' front office. He just needs to stay on the mound long enough."
sports,AL Wrap: Koskie Slugs Homer in 10th as Twins Edge Indians (Reuters) Reuters - Corey Koskie clubbed a two-run homer\in the top of the 10th inning to help the Minnesota Twins hold\on to first place in the American League Central with a 4-2\road win over the Cleveland Indians.
sports,"Singh Wins PGA Championship in Playoff (AP) AP - The only birdie Vijay Singh made all day was the only one that mattered. All but counted out of the PGA Championship with a putter that failed him, Singh took advantage of a late collapse by Justin Leonard to get into a three-way playoff Sunday at Whistling Straits, then made the only birdie over the three extra holes to win the final major of the year."
sports,"Singh Snares PGA Title Vijay Singh outlasts Justin Leonard and Chris DiMarco in a three-way playoff to win the PGA Championship on Sunday at Whistling Straits in Haven, Wisconsin."
sports,"DiMarco, Riley Play Way Into Ryder Cup (AP) AP - Chris DiMarco and Chris Riley faced knee-knocking pressure in the last round of the PGA Championship. And what did they get for their efforts? More of the same. DiMarco and Riley played themselves into the pressure-packed Ryder Cup with their performances Sunday in the year's final major. DiMarco finished second after a three-man, three-hole playoff and Riley was fourth  #151; good enough to knock Jay Haas and Steve Flesch out of the top 10 in the Ryder Cup point standings."
sports,"Phelps' Quest to Win 8 Gold Medals Ends (AP) AP - Michael Phelps surely didn't bargain for this. His quest to win eight gold medals is over, doomed by America's worst showing in the 400-meter freestyle relay. Gary Hall Jr. is ticked off. And now comes the toughest race of all against Ian Thorpe. Not exactly what Phelps had in mind when he decided to challenge Mark Spitz."
sports,"Nhleko Scores As Burn Beat MetroStars 1-0 (AP) AP - Reserve forward Toni Nhleko knocked in a header one minute into stoppage time, leading the Dallas Burn to a 1-0 victory over the first-place MetroStars on Sunday."
sports,"Woods Comes Up Empty, but Still No. 1 (AP) AP - Tiger Woods came up empty in a major again, but he's still the No. 1 ranked player in the world."
sports,"Tennessee Tech's Worrell Extends Contract (AP) AP - Longtime Tennessee Tech women's basketball coach Bill Worrell has agreed to a new three-year contract with the option for three more years, the school announced Sunday."
sports,Brad Ott Gets First Nationwide Victory (AP) AP - Brad Ott shot an 8-under 64 on Sunday to win the Nationwide Tour's Price Cutter Charity Championship for his first Nationwide victory.
sports,Scrimmage Gets Ugly Ralph Friedgen used a four-letter word to describe his Maryland team's offensive performance in Sunday's practice: blah.
sports,"Schumacher Sets Mark Michael Schumacher won the Hungarian Grand Prix Sunday in Budapest, setting yet another record by becoming the first Formula One driver with 12 victories in a season."
sports,"Business Is Business When it comes to qualifying for the main draw of the Legg Mason Tennis Classic, Robert Kendrick knows that survival takes precedence and friendships are put on hold."
sports,Falcons' Kerney Sprains Knee in Practice (AP) AP - Atlanta Falcons defensive end Patrick Kerney sprained his right knee in practice on Sunday when a lineman rolled on his leg.
sports,"McGahee Helps Bills Beat Broncos 16-6 (AP) AP - This is what everyone was waiting for from Willis McGahee. After 19 months of recuperation and countless questions about the strength of his left knee, the Buffalo Bills running back finally provided some answers. McGahee had the go-ahead score on a 1-yard run in his NFL preseason debut, helping the Bills to a 16-6 win over the Denver Broncos on Sunday."
sci-tech,"'Madden,' 'ESPN' Football Score in Different Ways (Reuters) Reuters - Was absenteeism a little high\on Tuesday among the guys at the office? EA Sports would like\to think it was because ""Madden NFL 2005"" came out that day,\and some fans of the football simulation are rabid enough to\take a sick day to play it."
sci-tech,"Group to Propose New High-Speed Wireless Format (Reuters) Reuters - A group of technology companies\including Texas Instruments Inc. (TXN.N), STMicroelectronics\(STM.PA) and Broadcom Corp. (BRCM.O), on Thursday said they\will propose a new wireless networking standard up to 10 times\the speed of the current generation."
sci-tech,AOL to Sell Cheap PCs to Minorities and Seniors (Reuters) Reuters - America Online on Thursday said it\plans to sell a low-priced PC targeting low-income and minority\households who agree to sign up for a year of dialup Internet\service.
sci-tech,"Companies Approve New High-Capacity Disc Format (Reuters) Reuters - A group of consumer electronics\makers said on Wednesday they approved the format for a new\generation of discs that can store five times the data of DVDs\at the same cost -- enough to put a full season of ""The\Sopranos"" on one disc."
sci-tech,Missing June Deals Slow to Return for Software Cos. (Reuters) Reuters - The mystery of what went wrong for the\software industry in late June when sales stalled at more than\20 brand-name companies is not even close to being solved\although the third quarter is nearly halfway over.
sci-tech,Hacker Cracks Apple's Streaming Technology (AP) AP - The Norwegian hacker famed for developing DVD encryption-cracking software has apparently struck again  #151; this time breaking the locks on Apple Computer Inc.'s wireless music streaming technology.
sci-tech,European Download Services Go Mobile (Reuters) Reuters - The ability to download complete\tracks directly over cell-phone networks to mobile phones is\becoming a reality in Europe.
sci-tech,"Open Source Apps Developer SugarCRM Releases Sugar.Sales 1.1 (TechWeb) TechWeb - News - August 13, 2004"
sci-tech,"Oracle Sales Data Seen Being Released (Reuters) Reuters - Oracle Corp. sales documents\detailing highly confidential information, such as which\companies receive discounts on Oracle's business software\products and the size of the discounts, are likely to be made\public, a federal judge said on Friday."
sci-tech,Sun's Looking Glass Provides 3D View (PC World) PC World - Developers get early code for new operating system 'skin' still being crafted.
sci-tech,"Apple to open second Japanese retail store this month (MacCentral) MacCentral - Apple Computer Inc. will open its second Japanese retail store later this month in the western Japanese city of Osaka, it said Thursday."
sci-tech,Charley's Force Took Experts by Surprise (AP) AP - Hurricane Charley's 145-mph force took forecasters by surprise and showed just how shaky a science it still is to predict a storm's intensity  #151; even with all the latest satellite and radar technology.
sci-tech,"Science, Politics Collide in Election Year (AP) AP - With more than 4,000 scientists, including 48 Nobel Prize winners, having signed a statement opposing the Bush administration's use of scientific advice, this election year is seeing a new development in the uneasy relationship between science and politics."
sci-tech,"Building Dedicated to Columbia Astronauts (AP) AP - A former dormitory converted to classrooms at the Pensacola Naval Air Station was dedicated Friday to two Columbia astronauts who were among the seven who died in the shuttle disaster Feb. 1, 2003."
sci-tech,"Russian Cargo Craft Docks at Space Station (AP) AP - A Russian cargo ship docked with the international space station Saturday, bringing food, water, fuel and other items to the two-man Russian-American crew, a space official said."
sci-tech,"Bangkok's Canals Losing to Urban Sprawl (AP) AP - Along the banks of the canal, women in rowboats grill fish and sell fresh bananas. Families eat on floating pavilions, rocked gently by waves from passing boats."
sci-tech,"T. Rex Had Teen Growth Spurt, Scientists Say (Reuters) Reuters - Tyrannosaurus Rex grew incredibly fast\during a teenaged growth spurt that saw the dinosaur expand its\bulk by six times, but the fearsome beasts ""lived fast and died\young,"" researchers said on Wednesday."
sci-tech,"Gene Blocker Turns Monkeys Into Workaholics - Study (Reuters) Reuters - Procrastinating monkeys were turned\into workaholics using a gene treatment to block a key brain\compound, U.S. researchers reported on Wednesday."
sci-tech,Dolphins Too Have Born Socialites (Reuters) Reuters - Some people are born to be the life and\soul of the party -- and so it seems are some dolphins.
sci-tech,"What's in a Name? Well, Matt Is Sexier Than Paul (Reuters) Reuters - As Shakespeare said, a rose by any other\name would smell as sweet. Right?"
sci-tech,"UK Scientists Allowed to Clone Human Embryos (Reuters) Reuters - British scientists said on Wednesday\they had received permission to clone human embryos for medical\research, in what they believe to be the first such license to\be granted in Europe."
sci-tech,"Russian Alien Spaceship Claims Raise Eyebrows, Skepticism (SPACE.com) SPACE.com - An expedition of Russian researchers claims to have found evidence that an \  alien spaceship had something to do with a huge explosion over Siberia in 1908. \  Experts in asteroids and comets have long said the massive blast was caused \  by a space rock."
sci-tech,"Comets, Asteroids and Planets around a Nearby Star (SPACE.com) SPACE.com - A nearby star thought to harbor comets and asteroids now appears to be home to planets, too. The presumed worlds are smaller than Jupiter and could be as tiny as Pluto, new observations suggest."
sci-tech,Perseid Meteor Shower Peaks Overnight (SPACE.com) SPACE.com - A fine display of shooting stars is underway and peaks overnight Wednesday into early Thursday morning. Astronomers expect the 2004 Perseid meteor shower to be one of the best versions of the annual event in several years.
sci-tech,"Redesigning Rockets: NASA Space Propulsion Finds a New Home (SPACE.com) SPACE.com - While the exploration of the Moon and other planets in our solar system is nbsp;exciting, the first task for astronauts and robots alike is to actually nbsp;get to those destinations."
sci-tech,"Studies Find Rats Can Get Hooked on Drugs (AP) AP - Rats can become drug addicts. That's important to know, scientists say, and has taken a long time to prove. Now two studies by French and British researchers show the animals exhibit the same compulsive drive for cocaine as people do once they're truly hooked."
sci-tech,"NASA Chief: 'Let's Go Save the Hubble' (SPACE.com) SPACE.com - Amid uncertainty over the fate of the Hubble Space Telescope and with a key instrument not working, NASA Administrator Sean O'Keefe gave the go-ahead Monday for planning a robotic servicing mission."
sci-tech,"Armadillo Aerospaces X Prize Prototype Crashes (SPACE.com) SPACE.com - Armadillo Aerospace of Mesquite, Texas has reported a \crash last weekend of their prototype X Prize rocket."
sci-tech,Prairie Dog Won't Be on Endangered List (AP) AP - The black-tailed prairie dog has been dropped from a list of candidates for the federal endangered species list because scientists have concluded the rodents are no longer threatened.
sci-tech,Hubble Trouble: One of Four Instruments Stops Working (SPACE.com) SPACE.com - One of the four astronomical instruments on the Hubble Space Telescope shut down earlier this week and engineers are trying to pin down the problem. The other three instruments continue to operate normally.
sci-tech,"Invasive Purple Weed May Meet Its Match (AP) AP - They burned it, mowed it, sprayed it and flooded it. But nothing killed the purple loosestrife weed, which has become a regional plague, until officials at the Parker River National Wildlife Refuge set a European beetle loose on it."
sci-tech,New NASA Supercomputer to Aid Theorists and Shuttle Engineers (SPACE.com) SPACE.com - NASA researchers have teamed up with a pair of Silicon Valley firms to build \  a supercomputer that ranks alongside the world's largest Linux-based systems.
sci-tech,"Ants Form Supercolony Spanning 60 Miles (AP) AP - Normally clannish and agressive Argentine ants have become so laid back since arriving in Australia decades ago that they no longer fight neighboring nests and have formed a supercolony here that spans 60 miles, scientists say."
sci-tech,"Viewer's Guide: Perseid Meteor Shower Peaks Aug. 11-12 (SPACE.com) SPACE.com - Every August, when many \  people are vacationing in the country where skies are dark, the best-known meteor \  shower makes its appearance. The annual Perseid meteor shower, as it is called, \  promised to put on an above average display this year."
sci-tech,"Rescuers Free Beached Whale in Brazil (AP) AP - Rescuers succeeded in freeing a minke whale that washed up on a beach in southeastern Brazil, the fire department said Thursday."
sci-tech,Red-Footed Falcon Sighted in Mass. (AP) AP - A red-footed falcon spotted for the first time in North America is enticing birdwatchers to Martha's Vineyard.
sci-tech,"Weak Version of Most Powerful Explosions Found (SPACE.com) SPACE.com - Gamma-ray bursts are the most powerful events in the universe, temporary outshining several galaxies and likely signaling the birth of a black hole."
sci-tech,Simultaneous Tropical Storms a Rarity (AP) AP - The prospect that a tropical storm and a hurricane  #151; or possibly two hurricanes  #151; could strike Florida on the same day is something meteorologists say they have never seen.
sci-tech,"NASA's Genesis Spacecraft Adjusts Course (AP) AP - NASA's Genesis spacecraft successfully adjusted its course this week as it heads back toward Earth with a sample of solar wind particles, the space agency said Wednesday."
sci-tech,"Earth is Rare, New Study Suggests (SPACE.com) SPACE.com - Flip a coin. Heads, Earth is a common sort of planet. Tails, and ours is as unusual as a coin landing on edge. That's about the state of knowledge for scientists who ponder the question of our planet's rarity."
sci-tech,"Scientists Probe Pacific for Dead Zone (AP) AP - His hand on a toggle switch and his eyes on a computer screen, Oregon State University graduate student Anthony Kirincich uses an array of scientific instruments to probe the vibrant waters of the Pacific. He is searching for the absence of life."
sci-tech,"Life on Mars Likely, Scientist Claims (SPACE.com) SPACE.com - DENVER, COLORADO -- Those twin robots hard at work on Mars have transmitted teasing views that reinforce the prospect that microbial life may exist on the red planet."
sci-tech,"India Rethinks Plan to Send Man to Moon (AP) AP - India is rethinking its plan to send a man to the moon by 2015, as the mission would cost a lot of money and yield very little in return, the national space agency said Thursday."
sci-tech,"Natural Sunblock: Sun Dims in Strange Ways (SPACE.com) SPACE.com - When Venus crossed the Sun June 8, showing up as a clear black dot to the delight of millions of skywatchers around the world, astronomers noted something less obvious: The amount of sunlight reaching Earth dipped by 0.1 percent for a few hours."
sci-tech,"Website Lets Users Scout the Red Planet from Home (SPACE.com) SPACE.com - For those who want to explore Mars but cant wait for a spacecraft to take them there, NASA scientists have reformulated a website that lets the general public search data and images from previous missions."
sci-tech,"Appeal Rejected in Trout Restoration Plan (AP) AP - The U.S. Forest Service on Wednesday rejected environmentalists' appeal of a plan to poison a stream south of Lake Tahoe to aid what wildlife officials call ""the rarest trout in America."""
sci-tech,Explore the Many Colors of Stars (SPACE.com) SPACE.com - One of the pleasures of \  stargazing is noticing and enjoying the various colors that stars display in \  dark skies. These hues offer direct visual evidence of how stellar temperatures \  vary.
sci-tech,"Britain Grants Human Cloning License (AP) AP - Britain granted its first license for human cloning Wednesday, joining South Korea on the leading edge of stem cell research, which is restricted by the Bush administration and which many scientists believe may lead to new treatments for a range of diseases."
sci-tech,The Next Great Space Race: SpaceShipOne and Wild Fire to Go For the Gold (SPACE.com) SPACE.com - A piloted rocket ship race to claim a  #36;10 million Ansari X Prize purse for privately financed flight to the edge of space is heating up.
sci-tech,"Growth, Mortality of T. Rex Gets Clearer (AP) AP - Here's a dinosaur finding that parents can appreciate: The teenage Tyrannosaurus rex typically went through an explosive growth spurt, gaining nearly 5 pounds a day."
sci-tech,"Space Science Pioneer Van Allen Questions Human Spaceflight (SPACE.com) SPACE.com - A leading space scientist has called to question the validity of human spaceflight, suggesting that sending astronauts outward from Earth is outdated, too costly, and the science returned is trivial."
sci-tech,"China Begins Manned Space Flight Countdown (AP) AP - Chinese astronauts are in the final stages of preparing for a manned space mission that will orbit the globe 14 times before returning to Earth, a state-run newspaper reported Thursday."
sci-tech,Sunspot Grows to 20 Times Size of Earth (SPACE.com) SPACE.com - A sunspot group aimed squarely \  at Earth has grown to 20 times the size of our planet and has the potential \  to unleash a major solar storm.
sci-tech,"Japanese Lunar Probe Facing Delays (AP) AP - A lunar orbiter that Japan had planned to launch this year could face further delays, possibly until next year or later, because of a funding shortfall and problems developing the probe's information-gathering capabilities, Japan's space agency said Wednesday."
sci-tech,Pollutants From Asia Appear on East Coast (AP) AP - Scientists looking into air quality and climate change have found pollutants from as far as Asia over New England and the Atlantic.
sci-tech,"Vietnam's Citadel Vulnerable to Weather (AP) AP - Experts from Europe and Asia surveyed 1,400-year-old relics of an ancient citadel in Hanoi Tuesday and said they were concerned the priceless antiquities were at risk from exposure to the elements."
sci-tech,"U.S. Barred From Weakening Dolphin Rules (AP) AP - In a victory for environmentalists, a federal judge ruled Tuesday that the Bush administration cannot change the standards commercial fisheries must meet before the tuna they catch can carry the ""dolphin-safe"" label."
sci-tech,Canadian Robot a Candidate to Save Hubble (AP) AP - NASA said Tuesday it is moving ahead with plans to send a robot to the rescue of the aging Hubble Space Telescope.
sci-tech,"Cave Explorers Discover Pit in Croatia (AP) AP - Cave explorers discovered a pit inside a mountain range in central Croatia believed to have the world's deepest subterranean vertical drop, at nearly 1,700 feet, a scientific institute reported Monday."
sci-tech,Aquarium Reviews Death of Dolphin (AP) AP - The chief scientist at the National Aquarium in Baltimore has launched a review of the dolphin breeding program after the death of a 4-month-old dolphin.
sci-tech,Scientists Seek Better Way to Measure Rain (AP) AP - Meteorologists at North Carolina State University are working on a way to more accurately measure rainfall in small areas.
sci-tech,"Wash. State Team's Private Rocket Explodes (AP) AP - A team taking a low-budget stab at the  #36;10 million Ansari X Prize for private manned spaceflight suffered a setback Sunday, when their rocket malfunctioned and exploded after shooting less than 1,000 feet in the air."
sci-tech,"Nevada Ponders Superfund Status for Mine (AP) AP - Pressured by a ranking senator from Nevada and the Environmental Protection Agency, Gov. Kenny Guinn says he might reconsider his opposition to a federal Superfund cleanup declaration for a huge abandoned mine contaminated with toxic waste and uranium."
sci-tech,"Indictments Using DNA on Rise Nationally (AP) AP - Authorities once had no choice but to drop rape cases if they weren't able to catch a suspect before the statute of limitations expired. But prosecutors across the country increasingly are buying themselves time, keeping cold cases alive by indicting unidentified rapists using their DNA profiles."
sci-tech,"Southeast Coast Sees Fewer Turtle Nests (AP) AP - About half the usual number of loggerhead turtles have nested between North Carolina and Florida this season, and scientists have no explanation for the drop."
sci-tech,"Company Said to Be Ready to Clone Pets (AP) AP - A company that unveiled the world's first cloned cat nearly three years ago now says it is ready to start filling orders for cloned pets, a newspaper reported Thursday."
sci-tech,"Deep-Sea Vessel Puts Ocean Floor in Reach (AP) AP - A new deep-sea research vessel will be able to carry people to 99 percent of the ocean floor, diving deeper than the famed Alvin that pioneered the study of seafloor vents, plate tectonics and deep ocean creatures over the past 40 years."
sci-tech,"Chorus Frog Found Croaking in Virginia (AP) AP - The Southern chorus frog has been found in southeastern Virginia, far outside its previously known range. The animal had never before been reported north of Beaufort County, N.C., about 125 miles to the south."
sci-tech,"Expedition to Probe Gulf of Mexico (AP) AP - Scientists will use advanced technology never before deployed beneath the sea as they try to discover new creatures, behaviors and phenomena in a 10-day expedition to the Gulf of Mexico's deepest reaches."
sci-tech,"Feds Accused of Exaggerating Fire Impact (AP) AP - The Forest Service exaggerated the effect of wildfires on California spotted owls in justifying a planned increase in logging in the Sierra Nevada, according to a longtime agency expert who worked on the plan."
sci-tech,"New Method May Predict Quakes Weeks Ahead (AP) AP - Swedish geologists may have found a way to predict earthquakes weeks before they happen by monitoring the amount of metals like zinc and copper in subsoil water near earthquake sites, scientists said Wednesday."
sci-tech,Marine Expedition Finds New Species (AP) AP - Norwegian scientists who explored the deep waters of the Atlantic Ocean said Thursday their findings  #151; including what appear to be new species of fish and squid  #151; could be used to protect marine ecosystems worldwide.
sci-tech,"Annual Study Finds Rise in Beach Closures (AP) AP - The number of days that beaches closed or posted warnings because of pollution rose sharply in 2003 due to more rainfall, increased monitoring and tougher standards, an environmental group said on Thursday."
sci-tech,Pacific May Be Seeing New El Nino (AP) AP - Warming water temperatures in the central equatorial Pacific last month may indicate the start of a new El Nino.
sci-tech,"Cassini Spacecraft Sees Saturn Lightning (AP) AP - The Cassini spacecraft's mission to Saturn has revealed a new radiation belt around the ringed planet and found that lightning in its atmosphere is occurring in different patterns than it did when NASA's Voyagers flew by in the early 1980s, scientists said."
sci-tech,"Poachers Putting Endangered Rhinos at Risk (AP) AP - Gangs of poachers in Congo have been slaughtering the world's minuscule population of northern white rhinos, reducing the population by about one-half in just more than a year, a key conservation organization said Friday."
sci-tech,"Experts Downplay Texas Shark Attacks (AP) AP - Three shark attacks off the Texas coast in the past two months are unusual but don't mean there are more sharks than normal along the beach or that they are getting bolder, marine biologists and other experts say."
sci-tech,"Study Says Birds Feed Other Birds' Young (AP) AP - It's a lesson many little humans could learn from baby birds: Sometimes, being nice to other youngsters pays off. Brown-headed cowbirds, like several other bird species, leave their eggs in the nests of other birds, who then feed and raise the cowbird chicks."
sci-tech,"Canadian Team Joins Rocket Launch Contest (AP) AP - The  #36;10 million competition to send a private manned rocket into space started looking more like a race Thursday, when a Canadian team announced plans to launch its rocket three days after an American group intends to begin qualifying for the Ansari X prize."
sci-tech,Universities to Build Largest Telescope (AP) AP - The University of Texas and Texas A amp;M University are planning to construct what they call the world's largest telescope with the help of a Houston businessman's  #36;1.25 million gift.
sci-tech,Mauritanian Capital Battles Locust Swarm (AP) AP - Residents burned tires and trash in the streets Thursday trying to drive off swarms of locusts descending on the region in what a U.N. agency called the worst sub-Saharan invasion in more than a decade.
sci-tech,"Customers of Telco Companies Face Privacy Breach A security advisory posted on Bugtraq demonstrates how hackers can compromise customers of T-mobile wireless and Verizon (landline) voicemail boxes. The advisory talks about the use of Caller-ID spoofing the customers number, allowing a bypass of the PIN code since the voicemail thinks that the customer is calling to check their own voicemail. According to Secure Science Corporation, there has been no response from the vendors. Comments have been posted that T-Mobile has optional PIN code protection off by default. Better turn it on. "
sci-tech,"Mozilla To Add Support For XForms, World Yawns It's ironic that Microsoft could help further cement its dominance in the browser market by joining its largest rival in an effort to support web standards.  nbsp;At the same time, that act would go a long way towards improving the web in general for developers and users alike."
sci-tech,"Junk faxes to be legalized as  quot;opt-out? quot; The Register ran a story on August 6th called 'Phone spam misery looms stateside.' It seems that there's legislative nastiness underway in Washington, DC to essentially gut the existing junk fax law, and replace it with a marketer's wet dream."
sci-tech,Biased Against Whom? Liberal bias versus right-wing conspiracy is a wonderful distraction. There is evidence enough on both sides. How can opposite claims be true? Confront a physicist with evidence supporting contradictory hypotheses and she will go looking for a more basic cause. Let's try that.
sci-tech,"The Visual World of Michel Gondry A month ago I was introduced to the works of Michel Gondry.  In short, I was amazed and tantalized by his short films and music videos.  Even if you haven't heard of him, you've probably seen his many works in Gap commercials, various music videos, and the recent movie Eternal Sunshine of the Spotless Mind.    Many of his works explode with visual elements that, when taken alone, are simple and mundane.  However, under his masterful guidance, these elements come together to form a highly mesmerizing visual experience.  He never ceases to push visual technologies and challenge our ideas about the visual medium."
sci-tech,"The Austral-Asian Strike Fighter The Australian Defence Force must defend and project across an air-sea gap. This requires long range autonomous strike weaponry. The Joint Strike Fighter does not solve this issue and detrimentally places added pressure on Australia's limited force of aerial refuelling assets. The world's defence manufacturers are not creating strike platforms that solve Australian needs. For this reason, Australia needs to look to other nations with similar defence needs. In this case, Japan, South Korea and Taiwan all face defending an air-sea gap. Australia should enter a partnership with these nations to create a strike fighter that satisfies the strategic needs of defending an air-sea gap. The benefits of such a partnership will be many."
sci-tech,"Insecurity: (Or Why Americans Aren't Feeling The Recovery) The New Republic's website is currently carrying an interesting piece which tries to explain the anomaly that although the US economy is growing, a lot of its citizens are still feeling worse off. The article explains the results of a 40 year panel study which has shown that although mean incomes have increased, income variability has increased massively, causing many Americans to feel less well off, despite the growing economy.      "
sci-tech,"The Great K5 Limerick Contest Queue submissions being scarce, I suggest we all submit limericks for consideration.  Mod up your favorites.    I'm no poet, so I'll submit a favorite of my childhood:    There was a young woman named Bright,  Who traveled much faster than light    She set out one day  In a relative way    And returned on the previous night.    I'm afraid I don't remember the author."
sci-tech,"RuntimeProperties... Reflection from System Properties \\Java developers often load system properties to customize the runtime behavior\of their applications.\\For example a develoepr could define a 'max_connections' system property to\define the maximum number of TCP connections that their application server can\support.  While nice, this prevents all other applications from using this\variable name.\\The first reaction to this would be to namespace your variable names.  Instead\of using max_connections you would now use\'my.application.Server.MAX_CONNECTIONS' as your property name.  This works of\course but now you have to load this property on startup.\\public static int MAX_CONNECTIONS = Integer.parseInt( System.getProperty(\""my.application.Se ...\\"
sci-tech,Thank You IBM! \\I just wanted to say thanks to IBM for Open Sourcing  Cloudscape .\\You guys really have your act together.  Keep up the good work!\\
sci-tech,"LinuxWorld, IDs, and Privacy \\Today Jonathan Moore  and I headed over to LinuxWorld after lunch to see what\kind of cool hardware and Linux hacks they had on the expo floor.\\Only \$15 to get in the door so I figure why not.\\I'm a bit of a privacy freak.  When you're trading some security for liberty\there are situations where it *might* be worth it.  In situations of extreme\violence having the police by your side might be a good idea.  \\I think we can all agree that trading liberty for *nothing* isn't worth it.\This country was *founded* on liberty after the British were abusing their\colonial powers.  Every true American should cherish their liberty and think\long and hard about just turning them over for no reason.\ ...\\"
sci-tech,My Blog as a Time Machine \\I'm starting to realize that my blog is a bit of a time machine.  For example I\can create a blog entry to warn myself about something that WILL happen in the\future.  \\My current NTP  blog entry is a good example.  I wrote this for myself as\much as for the people who read my blog (or find me via Google).\\I know for sure that NTP on Debian is going to bite me sometime in the future\and I'm going to forget WHY.  Then I'm going to (of course) go to Google or my\aggregator and search for NTP and then find my blog post.  \\I've done this about a dozen times now and its saved me a TON of time!\\
sci-tech,NTP in Debian \\The Network Time Daemon (NTP  Daemon) implementation within Debian leaves a\lot to be desired.\\First off they don't include it with a working config.  You have to create your\own /etc/ntpd.conf.  To make matters worse the configuration doesn't accept DNS\names so you have to manually enter IPs.  Fun.  I can understand that they might\not want to provide ONE configuration and overwhelm one or two NTP servers but\they can provide a dynamic config that balances load among all available\servers.  There is of course the public serves list  but you have to Google\for it.\\All you really need to do here is enter a list of servers:\\server time.nist.gov\\server 192.43.244.18\
sci-tech,"Pretty Log4J \\I've been a big fan of Log4J  for a while now but haven't migrated any code\over for one central reason.  The following line of code:\\    final static Logger logger = Logger.getLogger( ""some.name"" );\\... is amazingly ugly and difficult to work with.\\Most people use Log4J with a logger based on the classname:\\So we would probably see:\\    static Logger logger = Logger.getLogger( ""org.apache.commons.feedparser.locate.FeedLocator"" );\\Which is amazingly verbose.  A lot of developers shorten this to:\\    static Logger logger = Logger.getLogger( FeedLocator.class );\\But this still leaves us with cut and paste errors.\\What if we could just reduce it to:\\    static Logger logger = Logger.g ...\\"
sci-tech,"Saudis: Bin Laden associate surrenders \\""(CNN) -- A longtime associate of al Qaeda leader Osama bin Laden surrendered to\Saudi Arabian officials Tuesday, a Saudi Interior Ministry official said.""\\""But it is unclear what role, if any, Khaled al-Harbi may have had in any terror\attacks because no public charges have been filed against him.""\\""The Saudi government -- in a statement released by its embassy in Washington --\called al-Harbi's surrender ""the latest direct result"" of its limited, one-month\offer of leniency to terror suspects.""\\This is great!  I hope this really starts to pay off.  Creative solutions to\terrorism that don't involve violence.  \\How refreshing! \\Are you paying attention Bush administration?\\"
sci-tech,Mozilla Exceptions (mexception) \\For some reason I never released this code.\\I developed it while working on NewsMonster and just forgot I think\\It's an extension for Mozilla that allows you to see all runtime exceptions\(with full stack traces) that are unhandled by Mozilla. \\Just install it and if your code generates an unhandled exception it will show\up in the logs and on the console.\\Very handy for doing any hardcore Mozilla development.\\
sci-tech,"Ron Regan Jr is My Kinda Guy \\""Now that the country is awash in Reagan nostalgia, some observers are predicting\that you will enter politics. Would you like to be president of the United\States?""\\""I would be unelectable. I'm an atheist. As we all know, that is something\people won't accept.""\\""What would you do if Senator Kerry asked you to be his vice president?""\\""I would question his sanity.""\\""Do you ever go to church?""\\""No. I visit my wife's sangha.""\\""So you sometimes practice Buddhism?""\\""I don't claim anything. But my sympathies would be in that direction. I admire\the fact that the central core of Buddhist teaching involves mindfulness and\loving kindness and compassion.""\\So lets get this straight.  He's an a ...\\"
sci-tech,"Al Qaeda member surrenders \\""RIYADH, Saudi Arabia (CNN) -- One of Saudi Arabia's most wanted militants has\turned himself into the authorities, the first senior suspect to surrender under\a one-month government amnesty announced last week.""\\""Othman Al-Omari, number 19 on Saudi Arabia's most wanted list of 26, accepted\King Fahd's offer of amnesty, which was made last week, according to Saudi\sources Monday.""\\""Al-Omari, who turned himself in on Sunday night, was a business partner of\Shaban Al Shihri -- the first al Qaeda member to accept the offer when he turned\himself in Friday.""\\When I first saw this I was really upset.  I thought that it would certainly\lead to more violence if they just let terrorists off the ...\\"
sci-tech,"Mission Accomplished! \\""BAGHDAD, Iraq (CNN) -- Members of Iraq's interim government took an oath of\office Monday just hours after the United States returned the nation's\sovereignty, two days ahead of schedule.""\\""Led by Iraq's interim Prime Minister Ayad Allawi, each member of the new\government placed a hand on the Koran and promised to serve with sincerity and\impartiality. Iraqi flags lined the wall behind them.""\\Iraq!  Now with 100 less Coalition Provisional Authority!  Act now and get a\free Weapon of Mass Destruction (offer only available in Syria, Jordan, Saudi\Arabia, Pakistan, Syria and Iran).\\Also check out our new Puppet Government!  Keeps the kids occupied for hours!\\"
